{
	"ChocoMilkPlz": {
		"nickname": "ChocoMilkPlz",
		"new": false,
		"x": 2801,
		"y": 1372,
		"radius": 15,
		"rotation": 0.7853981633974483,
		"sector": null,
		"map": "TUTORIAL",
		"type": "PLAYER",
		"dangerLevel": 0,
		"teleported": false,
		"recentDamage": [],
		"damageTaken": {},
		"cooldown": 250,
		"stats": {
			"level": 6,
			"exp": 36,
			"nextLevelXP": 320,
			"STR": 11,
			"DEF": 6,
			"DEX": 11,
			"STA": 6,
			"SPD": 3,
			"AGL": 6,
			"VUL": 6,
			"LUK": 6,
			"HP": 300,
			"AP": 300,
			"maxHP": 300,
			"maxAP": 300,
			"playersKilled": 0,
			"monstersKilled": 87,
			"deaths": 0,
			"bonus": {
				"STR": 5,
				"DEF": 0,
				"DEX": 5,
				"STA": 0,
				"SPD": -3,
				"AGL": 0,
				"VUL": 0,
				"LUK": 0,
				"maxHP": 0,
				"maxAP": 0
			}
		},
		"items": {
			"0": {
				"id": 0,
				"new": false,
				"itemType": "BIG_STICK",
				"owner": false,
				"sector": null,
				"map": null,
				"timeLeft": 60000
			},
			"1": {
				"id": 1,
				"new": false,
				"itemType": "PASTE_SHOOTERV2",
				"owner": false,
				"sector": null,
				"map": null,
				"timeLeft": 60000
			},
			"2": {
				"id": 2,
				"new": false,
				"itemType": "BIG_STICK",
				"owner": false,
				"sector": null,
				"map": null,
				"timeLeft": 60000
			},
			"3": {
				"id": 3,
				"new": false,
				"itemType": "BIG_STICK",
				"owner": false,
				"sector": null,
				"map": null,
				"timeLeft": 60000
			},
			"4": {
				"id": 4,
				"new": false,
				"itemType": "STICK",
				"owner": false,
				"sector": null,
				"map": null,
				"timeLeft": 60000
			},
			"5": {
				"id": 5,
				"new": false,
				"itemType": "PASTE_SHOOTER",
				"owner": false,
				"sector": null,
				"map": null,
				"timeLeft": 60000
			},
			"6": {
				"id": 6,
				"new": false,
				"itemType": "BLUE_BERRIES",
				"owner": false,
				"sector": null,
				"map": null,
				"timeLeft": 60000
			},
			"7": {
				"id": 7,
				"new": false,
				"itemType": "PASTE_SHOOTER",
				"owner": false,
				"sector": null,
				"map": null,
				"timeLeft": 60000
			},
			"8": {
				"id": 8,
				"new": false,
				"itemType": "BLUE_BERRIES",
				"owner": false,
				"sector": null,
				"map": null,
				"timeLeft": 60000
			},
			"9": {
				"id": 9,
				"new": false,
				"itemType": "STICK",
				"owner": false,
				"sector": null,
				"map": null,
				"timeLeft": 60000
			},
			"10": {
				"id": 10,
				"new": false,
				"itemType": "TURTLE_PASTE",
				"owner": false,
				"sector": null,
				"map": null,
				"timeLeft": 60000
			},
			"11": {
				"id": 11,
				"new": false,
				"itemType": "TURTLE_PASTE",
				"owner": false,
				"sector": null,
				"map": null,
				"timeLeft": 60000
			},
			"12": {
				"id": 12,
				"new": false,
				"itemType": "TURTLE_PASTE",
				"owner": false,
				"sector": null,
				"map": null,
				"timeLeft": 60000
			},
			"13": {
				"id": 13,
				"new": false,
				"itemType": "BLUE_BERRIES",
				"owner": false,
				"sector": null,
				"map": null,
				"timeLeft": 60000
			},
			"14": null,
			"15": null,
			"16": null,
			"17": null,
			"18": {
				"id": 14,
				"new": false,
				"itemType": "BLUE_BERRIES",
				"owner": false,
				"sector": null,
				"map": null,
				"timeLeft": 60000
			},
			"19": {
				"id": 15,
				"new": false,
				"itemType": "BIG_STICK",
				"owner": false,
				"sector": null,
				"map": null,
				"timeLeft": 60000
			},
			"20": {
				"id": 16,
				"new": false,
				"itemType": "BLUE_BERRIES",
				"owner": false,
				"sector": null,
				"map": null,
				"timeLeft": 60000
			},
			"21": null,
			"22": null,
			"23": null,
			"24": null,
			"25": null,
			"26": null,
			"27": null,
			"28": null
		}
	}
}