{
	"ChocoMilkPlz": {
		"nickname": "ChocoMilkPlz",
		"new": false,
		"x": 2630,
		"y": 2147,
		"radius": 15,
		"rotation": 3.9269908169872414,
		"sector": 49,
		"map": "TUTORIAL",
		"type": "PLAYER",
		"dangerLevel": 0,
		"teleported": false,
		"recentDamage": [],
		"damageTaken": {},
		"cooldown": 250,
		"stats": {
			"level": 5,
			"exp": 64,
			"nextLevelXP": 160,
			"STR": 5,
			"DEF": 5,
			"DEX": 5,
			"STA": 5,
			"SPD": 5,
			"AGL": 5,
			"VUL": 5,
			"LUK": 5,
			"HP": 2737.1,
			"AP": 250,
			"maxHP": 4250,
			"maxAP": 250,
			"playersKilled": 0,
			"monstersKilled": 54,
			"deaths": 0,
			"bonus": {
				"STR": 0,
				"DEF": 0,
				"DEX": 0,
				"STA": 0,
				"SPD": 0,
				"AGL": 0,
				"VUL": 0,
				"LUK": 0,
				"maxHP": 4000,
				"maxAP": 0
			}
		},
		"items": {
			"0": {
				"id": 0,
				"new": false,
				"itemType": "BIG_STICK",
				"owner": false,
				"sector": null,
				"map": null,
				"timeLeft": 60000
			},
			"1": {
				"id": 1,
				"new": false,
				"itemType": "BIG_STICK",
				"owner": false,
				"sector": null,
				"map": null,
				"timeLeft": 60000
			},
			"2": {
				"id": 2,
				"new": false,
				"itemType": "BIG_STICK",
				"owner": false,
				"sector": null,
				"map": null,
				"timeLeft": 60000
			},
			"3": {
				"id": 3,
				"new": false,
				"itemType": "BIG_STICK",
				"owner": false,
				"sector": null,
				"map": null,
				"timeLeft": 60000
			},
			"4": {
				"id": 4,
				"new": false,
				"itemType": "STICK",
				"owner": false,
				"sector": null,
				"map": null,
				"timeLeft": 60000
			},
			"5": {
				"id": 5,
				"new": false,
				"itemType": "TURTLE_PASTE",
				"owner": false,
				"sector": null,
				"map": null,
				"timeLeft": 60000
			},
			"6": {
				"id": 6,
				"new": false,
				"itemType": "TURTLE_PASTE",
				"owner": false,
				"sector": null,
				"map": null,
				"timeLeft": 60000
			},
			"7": {
				"id": 7,
				"new": false,
				"itemType": "TURTLE_PASTE",
				"owner": false,
				"sector": null,
				"map": null,
				"timeLeft": 60000
			},
			"8": {
				"id": 8,
				"new": false,
				"itemType": "TURTLE_PASTE",
				"owner": false,
				"sector": null,
				"map": null,
				"timeLeft": 60000
			},
			"9": {
				"id": 9,
				"new": false,
				"itemType": "TURTLE_PASTE",
				"owner": false,
				"sector": null,
				"map": null,
				"timeLeft": 60000
			},
			"10": {
				"id": 10,
				"new": false,
				"itemType": "TURTLE_PASTE",
				"owner": false,
				"sector": null,
				"map": null,
				"timeLeft": 60000
			},
			"11": {
				"id": 11,
				"new": false,
				"itemType": "TURTLE_PASTE",
				"owner": false,
				"sector": null,
				"map": null,
				"timeLeft": 60000
			},
			"12": {
				"id": 12,
				"new": false,
				"itemType": "TURTLE_PASTE",
				"owner": false,
				"sector": null,
				"map": null,
				"timeLeft": 60000
			},
			"13": {
				"id": 13,
				"new": false,
				"itemType": "TURTLE_PASTE",
				"owner": false,
				"sector": null,
				"map": null,
				"timeLeft": 60000
			},
			"14": {
				"id": 14,
				"new": false,
				"itemType": "TURTLE_PASTE",
				"owner": false,
				"sector": null,
				"map": null,
				"timeLeft": 60000
			},
			"15": {
				"id": 15,
				"new": false,
				"itemType": "TURTLE_PASTE",
				"owner": false,
				"sector": null,
				"map": null,
				"timeLeft": 60000
			},
			"16": null,
			"17": null,
			"18": null,
			"19": null,
			"20": null,
			"21": null,
			"22": null,
			"23": null,
			"24": null,
			"25": null,
			"26": null,
			"27": null,
			"28": null
		}
	}
}