{
	"Samantha": {
		"nickname": "Samantha",
		"new": false,
		"x": 1854,
		"y": 2312,
		"radius": 15,
		"rotation": 1.5707963267948966,
		"sector": 44,
		"map": "TEST",
		"type": "PLAYER",
		"dangerLevel": 8,
		"teleported": false,
		"recentDamage": [],
		"damageTaken": {},
		"cooldown": 0,
		"stats": {
			"level": 6,
			"exp": 4,
			"nextLevelXP": 320,
			"STR": 97,
			"DEF": 6,
			"DEX": 96,
			"STA": 6,
			"SPD": 96,
			"AGL": 6,
			"VUL": 6,
			"LUK": 6,
			"HP": 300,
			"AP": 300,
			"maxHP": 300,
			"maxAP": 300,
			"playersKilled": 0,
			"monstersKilled": 472,
			"deaths": 81,
			"bonus": {
				"STR": 0,
				"DEF": 0,
				"DEX": 0,
				"STA": 0,
				"SPD": 0,
				"AGL": 0,
				"VUL": 0,
				"LUK": 0,
				"maxHP": 0,
				"maxAP": 0
			}
		},
		"items": {
			"0": null,
			"1": null,
			"2": null,
			"3": null,
			"4": null,
			"5": null,
			"6": null,
			"7": null,
			"8": null,
			"9": null,
			"10": null,
			"11": null,
			"12": null,
			"13": null,
			"14": null,
			"15": null,
			"16": null,
			"17": null,
			"18": null,
			"19": null,
			"20": null,
			"21": null,
			"22": null,
			"23": null,
			"24": null,
			"25": null,
			"26": null,
			"27": null,
			"28": null
		},
		"old": false
	}
}