{
	"Samantha": {
		"nickname": "Samantha",
		"new": false,
		"x": 1096,
		"y": 478,
		"radius": 15,
		"rotation": 1.5707963267948966,
		"sector": null,
		"map": "TEST",
		"type": "PLAYER",
		"dangerLevel": 4,
		"teleported": false,
		"recentDamage": [],
		"damageTaken": {},
		"cooldown": 250,
		"stats": {
			"level": 8,
			"exp": 0,
			"nextLevelXP": 1280,
			"STR": 99,
			"DEF": 8,
			"DEX": 98,
			"STA": 8,
			"SPD": 98,
			"AGL": 8,
			"VUL": 8,
			"LUK": 8,
			"HP": 400,
			"AP": 400,
			"maxHP": 400,
			"maxAP": 400,
			"playersKilled": 0,
			"monstersKilled": 468,
			"deaths": 79,
			"bonus": {
				"STR": 0,
				"DEF": 0,
				"DEX": 0,
				"STA": 0,
				"SPD": 0,
				"AGL": 0,
				"VUL": 0,
				"LUK": 0,
				"maxHP": 0,
				"maxAP": 0
			}
		},
		"items": {
			"0": null,
			"1": null,
			"2": null,
			"3": null,
			"4": null,
			"5": [
				{
					"id": 0,
					"new": true,
					"itemType": "TURTLE_PASTE",
					"owner": false,
					"sector": null,
					"map": null,
					"timeLeft": 60000
				},
				{
					"id": 1,
					"new": true,
					"itemType": "TURTLE_PASTE",
					"owner": false,
					"sector": null,
					"map": null,
					"timeLeft": 60000
				},
				{
					"id": 2,
					"new": true,
					"itemType": "TURTLE_PASTE",
					"owner": false,
					"sector": null,
					"map": null,
					"timeLeft": 60000
				},
				{
					"id": 3,
					"new": true,
					"itemType": "TURTLE_PASTE",
					"owner": false,
					"sector": null,
					"map": null,
					"timeLeft": 60000
				},
				{
					"id": 4,
					"new": true,
					"itemType": "TURTLE_PASTE",
					"owner": false,
					"sector": null,
					"map": null,
					"timeLeft": 60000
				},
				{
					"id": 5,
					"new": true,
					"itemType": "TURTLE_PASTE",
					"owner": false,
					"sector": null,
					"map": null,
					"timeLeft": 60000
				},
				{
					"id": 6,
					"new": true,
					"itemType": "TURTLE_PASTE",
					"owner": false,
					"sector": null,
					"map": null,
					"timeLeft": 60000
				},
				{
					"id": 7,
					"new": true,
					"itemType": "TURTLE_PASTE",
					"owner": false,
					"sector": null,
					"map": null,
					"timeLeft": 60000
				},
				{
					"id": 8,
					"new": true,
					"itemType": "TURTLE_PASTE",
					"owner": false,
					"sector": null,
					"map": null,
					"timeLeft": 60000
				},
				{
					"id": 9,
					"new": true,
					"itemType": "TURTLE_PASTE",
					"owner": false,
					"sector": null,
					"map": null,
					"timeLeft": 60000
				},
				{
					"id": 10,
					"new": true,
					"itemType": "TURTLE_PASTE",
					"owner": false,
					"sector": null,
					"map": null,
					"timeLeft": 60000
				}
			],
			"6": {
				"id": 11,
				"new": true,
				"itemType": "STICK",
				"owner": false,
				"sector": null,
				"map": null,
				"timeLeft": 60000
			},
			"7": [
				{
					"id": 12,
					"new": true,
					"itemType": "BOMB",
					"owner": false,
					"sector": null,
					"map": null,
					"timeLeft": 60000
				},
				{
					"id": 13,
					"new": true,
					"itemType": "BOMB",
					"owner": false,
					"sector": null,
					"map": null,
					"timeLeft": 60000
				},
				{
					"id": 14,
					"new": true,
					"itemType": "BOMB",
					"owner": false,
					"sector": null,
					"map": null,
					"timeLeft": 60000
				},
				{
					"id": 15,
					"new": true,
					"itemType": "BOMB",
					"owner": false,
					"sector": null,
					"map": null,
					"timeLeft": 60000
				},
				{
					"id": 16,
					"new": true,
					"itemType": "BOMB",
					"owner": false,
					"sector": null,
					"map": null,
					"timeLeft": 60000
				}
			],
			"8": [
				{
					"id": 17,
					"new": true,
					"itemType": "BLUE_BERRIES",
					"owner": false,
					"sector": null,
					"map": null,
					"timeLeft": 60000
				},
				{
					"id": 18,
					"new": true,
					"itemType": "BLUE_BERRIES",
					"owner": false,
					"sector": null,
					"map": null,
					"timeLeft": 60000
				},
				{
					"id": 19,
					"new": true,
					"itemType": "BLUE_BERRIES",
					"owner": false,
					"sector": null,
					"map": null,
					"timeLeft": 60000
				}
			],
			"9": {
				"id": 20,
				"new": true,
				"itemType": "RING_OF_POWER",
				"owner": false,
				"sector": null,
				"map": null,
				"timeLeft": 60000
			},
			"10": {
				"id": 21,
				"new": true,
				"itemType": "PASTE_SHOOTER",
				"owner": false,
				"sector": null,
				"map": null,
				"timeLeft": 60000
			},
			"11": null,
			"12": null,
			"13": null,
			"14": null,
			"15": null,
			"16": null,
			"17": null,
			"18": null,
			"19": null,
			"20": null,
			"21": null,
			"22": null,
			"23": null,
			"24": null,
			"25": null,
			"26": null,
			"27": null,
			"28": null
		}
	}
}