{ 
	"abilities":{
		"MELEE_1" : {
			"abilityType"   : "MELEE_1",
			"hits"          : "ONCE",
			"affects"       : 1,
			"AP"            : 10,
			"timeToLive"     : 120,
			"damage"       : 8,
			"accel"        : 0,
			"maxSpeed"     : 10,
			"radius"       : 20,
			"friction"	   :0
	 	},

		"MELEE_2" : {
			"abilityType"   : "MELEE_2",
			"hits"      : "ONCE",
			"affects"       : 3,
			"AP"            : 16,
			"timeToLive"     : 90,
			"damage"       : 20,
			"accel"        : 0,
			"maxSpeed"     : 15,
			"radius"       : 15,
			"friction"	   :0
		}
	}
	
}