{ 
	"imagePath": "images/sprites/items.png",
	"tileSize" : 48,
	"tilesWide": 16,
	"timeToLive" : 60000,
	"radius":24,
	"items":{
		"SLIME_REMAINS" : {
			"itemType"   : "SLIME_REMAINS",
			"stacks"     : true,
			"stackLimit" : 100,
			"imageIndex" : 267,
			"desc" : "Remains from a defeated slime, if you inspect it closely you can feel the sadness of the misunderstood slime.",
			"bonus" : {
				"STR" : 0,
		        "DEF" : 0, 
	            "DEX" : 0, 
	            "STA" : 0, 
	            "SPD" : 0,
	            "AGL" : 0, 
	            "VUL" : 0, 
	            "LUK" : 0
			}
		},

		"STICK" : {
			"itemType" : "STICK",
			"stacks"     : false,
			"stackLimit" : 1,
			"imageIndex" : 20,
			"desc" : "Probably the lamest weapon in the game.",
			"ability" : "MELEE_1",
			"bonus" : {
				"STR" : 2,
		        "DEF" : 0, 
	            "DEX" : 0, 
	            "STA" : 0, 
	            "SPD" : 0,
	            "AGL" : 0, 
	            "VUL" : 0, 
	            "LUK" : 0
			}
		},

		"BIG_STICK" : {
			"itemType" : "BIG_STICK",
			"stacks"     : false,
			"stackLimit" : 1,
			"imageIndex" : 272,
			"desc" : "Probably the second lamest weapon in the game.",
			"ability" : "MELEE_2",
			"bonus" : {
				"STR" : 4,
		        "DEF" : 2, 
	            "DEX" : 0, 
	            "STA" : 0, 
	            "SPD" : 0,
	            "AGL" : 0, 
	            "VUL" : 0, 
	            "LUK" : 0
			}
		}
	}
	
}