{ 
	"imagePath": "images/sprites/monsters.png",
	"tileSize" : 48,
	"tilesWide": 16,
	"monsters":{
		"SLIME" : {
			"maxHP" :  50,
			"radius":  20,
			"exp"   :  4,
			"touchDamage" : 1,
			"atk"   :  2,
			"str"   :  2,
			"def"   :  1,
			"spd"   :  1,
			"imageIndex" : 2,
			"drops" : {
				"SLIME_REMAINS" : 80,
				"STICK"         : 50,
				"BIG_STICK"     : 5
			},

			"behavior" : {
				"CALM"     : "WALK",
				"ATTACKED" : "FOLLOW",
				"DIEING"   : "RUN_AWAY"
			},

			"attack" : "NO_ATTACK"
		},

		"BIG_SLIME" : {
			"maxHP" : 80,
			"radius": 25,
			"exp"   :  10,
			"touchDamage" : 2,
	 		"atk"   :  3,
			"str"   :  3,
			"def"   :  1,
			"spd"   :  2,
			"imageIndex" : 3,
			"drops" : {
				"SLIME_REMAINS" : 75
			},

			"behavior" : {
				"CALM"     : "WALK",
				"ATTACKED" : "ATTACK",
				"DIEING"   : "RUN_AWAY"
			},

			"attack" : "SLIME_BUBBLE"
		}
	}
	
}