{ 
	"imagePath": "images/sprites/items.png",
	"tileSize" : 48,
	"tilesWide": 16,
	"timeToLive" : 60000,
	"radius":24,
	"items":{
		"TURTLE_PASTE" : {
			"itemType"   : "TURTLE_PASTE",
			"stacks"     : true,
			"stackLimit" : 100,
			"consumable" : false,
			"imageIndex" : 267,
			"desc" : "Remains from a defeated turtle, if you inspect it closely you can feel the sadness of the misunderstood turtle.",
			"ability" : null,
			"damage" : 0,
			"bonus" : {
				"STR" : 0,
		        "DEF" : 0, 
	            "DEX" : 0, 
	            "STA" : 0, 
	            "SPD" : 0,
	            "AGL" : 0, 
	            "VUL" : 0, 
	            "LUK" : 0,
	            "maxHP" : 0,
	            "maxAP" : 0
			}
		},

		"STICK" : {
			"itemType" : "STICK",
			"stacks"     : false,
			"stackLimit" : 1,
			"consumable" : false,
			"mixable" : true,
			"mixes" : {
				"PASTE_SHOOTER" : "PASTE_SHOOTERV2"
			},
			"imageIndex" : 20,
			"desc" : "Probably the lamest weapon in the game.",
			"ability" : "MELEE_1",
			"damage": 2,
			"bonus" : {
				"STR" : 0,
		        "DEF" : 0, 
	            "DEX" : 0, 
	            "STA" : 0, 
	            "SPD" : 0,
	            "AGL" : 0, 
	            "VUL" : 0, 
	            "LUK" : 0,
	            "maxHP" : 0,
	            "maxAP" : 0
			}
		},
		"BALL_CHAIN" : {
			"itemType" : "BALL_CHAIN",
			"stacks"     : false,
			"stackLimit" : 1,
			"consumable" : false,
			"imageIndex" : 35,
			"desc" : "Spinning ball on a chain, spiky!",
			"ability" : "SPINNER_SLOW",
			"damage": 10,
			"bonus" : {
				"STR" : 0,
		        "DEF" : 0, 
	            "DEX" : 0, 
	            "STA" : 0, 
	            "SPD" : -5,
	            "AGL" : 0, 
	            "VUL" : 0, 
	            "LUK" : 0,
	            "maxHP" : 0,
	            "maxAP" : 0
			}
		},
		"NUNCHUCKS" : {
			"itemType" : "NUNCHUCKS",
			"stacks"     : false,
			"stackLimit" : 1,
			"consumable" : false,
			"imageIndex" : 28,
			"desc" : "Crazy nunchucks! There like a better ball chain",
			"ability" : "SPINNER",
			"damage": 1,
			"bonus" : {
				"STR" : 0,
		        "DEF" : 0, 
	            "DEX" : 0, 
	            "STA" : 0, 
	            "SPD" : -5,
	            "AGL" : 0, 
	            "VUL" : 0, 
	            "LUK" : 0,
	            "maxHP" : 0,
	            "maxAP" : 0
			}
		},
		"NINJA_STAR" : {
			"itemType" : "NINJA_STAR",
			"stacks"     : true,
			"stackLimit" : 10,
			"consumable" : false,
			"imageIndex" : 43,
			"desc" : "Spinning ninja stars!",
			"ability" : "SUPER_SPINNER",
			"damage": 2,
			"bonus" : {
				"STR" : 0,
		        "DEF" : 0, 
	            "DEX" : 0, 
	            "STA" : 0, 
	            "SPD" : 0,
	            "AGL" : 0, 
	            "VUL" : 0, 
	            "LUK" : 0,
	            "maxHP" : 0,
	            "maxAP" : 0
			}
		},
		"BOOMERANG" : {
			"itemType" : "BOOMERANG",
			"stacks"     : true,
			"stackLimit" : 20,
			"consumable" : false,
			"imageIndex" : 41,
			"desc" : "IT COMES BACK!",
			"ability" : "BOOMERANG",
			"damage": 2,
			"bonus" : {
				"STR" : 0,
		        "DEF" : 0, 
	            "DEX" : 0, 
	            "STA" : 0, 
	            "SPD" : 0,
	            "AGL" : 0, 
	            "VUL" : 0, 
	            "LUK" : 0,
	            "maxHP" : 0,
	            "maxAP" : 0
			}
		},
		
		"FLAME_SWORD" : {
			"itemType" : "FLAME_SWORD",
			"stacks"     : false,
			"stackLimit" : 1,
			"consumable" : false,
			"imageIndex" : 131,
			"desc" : "A sword that is on fire!",
			"ability" : "FLAME_SLASH",
			"damage": 20000,
			"bonus" : {
				"STR" : 100,
		        "DEF" : 0, 
	            "DEX" : 100, 
	            "STA" : 0, 
	            "SPD" : 0,
	            "AGL" : 0, 
	            "VUL" : 0, 
	            "LUK" : 0,
	            "maxHP" : 0,
	            "maxAP" : 0
			}
		},

		"NECKLACE_OF_LUCK" : {
			"itemType" : "NECKLACE_OF_LUCK",
			"stacks"     : false,
			"stackLimit" : 1,
			"consumable" : false,
			"imageIndex" : 107,
			"desc" : "A neckace that takes focuses your skills on luck",
			"ability" : null,
			"damage": 0,
			"bonus" : {
				"STR" : -100,
		        "DEF" : -100, 
	            "DEX" : 0, 
	            "STA" : 0, 
	            "SPD" : -100,
	            "AGL" : 0, 
	            "VUL" : 0, 
	            "LUK" : 40,
	            "maxHP" : -100,
	            "maxAP" : 0
			}
		},

		"RING_OF_POWER" : {
			"itemType" : "RING_OF_POWER",
			"stacks"     : false,
			"stackLimit" : 1,
			"consumable" : true,
			"imageIndex" : 104,
			"desc" : "A powerful ring that is made of solid gold, you can eat it for HP and AP !",
			"ability" : null,
			"damage": 0,
			"consumableBonus" : {
				"HP" : 100,
				"AP" : 100
			},
			"bonus" : {
				"STR" : 10,
		        "DEF" : 2, 
	            "DEX" : 0, 
	            "STA" : 0, 
	            "SPD" : 0,
	            "AGL" : 0, 
	            "VUL" : 0, 
	            "LUK" : 5,
	            "maxHP" : 0,
	            "maxAP" : 100
			}
		},
		"RING_OF_SPEED" : {
			"itemType" : "RING_OF_SPEED",
			"stacks"     : false,
			"stackLimit" : 1,
			"consumable" : false,
			"imageIndex" : 105,
			"desc" : "A ring that makes you uncontrollably fast",
			"ability" : null,
			"damage": 0,
			"bonus" : {
				"STR" : 0,
		        "DEF" : 0, 
	            "DEX" : 0, 
	            "STA" : 0, 
	            "SPD" : 100,
	            "AGL" : 0, 
	            "VUL" : 0, 
	            "LUK" : 5,
	            "maxHP" : 0,
	            "maxAP" : 100
			}
		},
		"SPEED_BOOTS" : {
			"itemType" : "SPEED_BOOTS",
			"stacks"     : false,
			"stackLimit" : 1,
			"consumable" : false,
			"imageIndex" : 95,
			"desc" : "Boots that make you go zoom",
			"ability" : null,
			"damage": 0,
			"bonus" : {
				"STR" : 0,
		        "DEF" : 1, 
	            "DEX" : 0, 
	            "STA" : 0, 
	            "SPD" : 100,
	            "AGL" : 0, 
	            "VUL" : 0, 
	            "LUK" : 5,
	            "maxHP" : 100,
	            "maxAP" : 0
			}
		},
		"MIGHTY_GAUNTLET" : {
			"itemType" : "MIGHTY_GAUNTLET",
			"stacks"     : false,
			"stackLimit" : 1,
			"consumable" : false,
			"imageIndex" : 92,
			"desc" : "A strong gaunthlet made of real steal! It's quite heavy",
			"ability" : null,
			"damage": 0,
			"bonus" : {
				"STR" : 4,
		        "DEF" : 1, 
	            "DEX" : 0, 
	            "STA" : 0, 
	            "SPD" : -50,
	            "AGL" : 0, 
	            "VUL" : 0, 
	            "LUK" : -3,
	            "maxHP" : 0,
	            "maxAP" : 0
			}
		},
		"CHOCOLATE_SHIELD" : {
			"itemType" : "CHOCOLATE_SHIELD",
			"stacks"     : false,
			"stackLimit" : 1,
			"consumable" : true,
			"consumableBonus" : {
				"HP" : 200,
				"AP" : 200
			},
			"imageIndex" : 82,
			"desc" : "A milk chocolate shield, it has good defence and is quite tasty",
			"ability" : null,
			"damage": 0,
			"bonus" : {
				"STR" : 0,
		        "DEF" : 3, 
	            "DEX" : 0, 
	            "STA" : 0, 
	            "SPD" : -5,
	            "AGL" : 0, 
	            "VUL" : 0, 
	            "LUK" : 0,
	            "maxHP" : 100,
	            "maxAP" : 0
			}
		},
		"UNFORTUNATE_ARMOR" : {
			"itemType" : "UNFORTUNATE_ARMOR",
			"stacks"     : false,
			"stackLimit" : 1,
			"consumable" : false,
			"imageIndex" : 54,
			"desc" : "Armor for desperate players",
			"ability" : null,
			"damage": 0,
			"bonus" : {
				"STR" : 0,
		        "DEF" : 4, 
	            "DEX" : 0, 
	            "STA" : 0, 
	            "SPD" : -10,
	            "AGL" : 0, 
	            "VUL" : 0, 
	            "LUK" : -50,
	            "maxHP" : 0,
	            "maxAP" : 0
			}
		},
		"BIG_STICK" : {
			"itemType" : "BIG_STICK",
			"stacks"     : false,
			"stackLimit" : 1,
			"consumable" : false,
			"imageIndex" : 272,
			"desc" : "Probably the second lamest weapon in the game.",
			"ability" : "MELEE_2",
			"damage" : 5,
			"bonus" : {
				"STR" : 0,
		        "DEF" : 0, 
	            "DEX" : 0, 
	            "STA" : 0, 
	            "SPD" : -1,
	            "AGL" : 0, 
	            "VUL" : 0, 
	            "LUK" : 0,
	            "maxHP" : 0,
	            "maxAP" : 0
			}
		},
		"SURPRISE_HAMMER" : {
			"itemType" : "SURPRISE_HAMMER",
			"stacks"     : false,
			"stackLimit" : 1,
			"consumable" : false,
			"imageIndex" : 34,
			"desc" : "Strongest weapon in the game. Absorbs the user's power",
			"ability" : "SMASH",
			"damage" : 100,
			"bonus" : {
				"STR" : 10,
		        "DEF" : 0, 
	            "DEX" : 0, 
	            "STA" : 0, 
	            "SPD" : 0,
	            "AGL" : 0, 
	            "VUL" : 0, 
	            "LUK" : 0,
	            "maxHP" : -1000,
	            "maxAP" : 0
			}
		},

		"MACHINE_GUN" : {
			"itemType" : "MACHINE_GUN",
			"stacks"     : false,
			"stackLimit" : 1,
			"consumable" : false,
			"imageIndex" : 45,
			"desc" : "Pew Pew Pew Pew",
			"ability" : "PEW",
			"damage" : 1,
			"bonus" : {
				"STR" : 0,
		        "DEF" : 0, 
	            "DEX" : 10, 
	            "STA" : 0, 
	            "SPD" : 0,
	            "AGL" : 0, 
	            "VUL" : 0, 
	            "LUK" : 0,
	            "maxHP" : 0,
	            "maxAP" : 0
			}
		},

		"PASTE_SHOOTER" : {
			"itemType" : "PASTE_SHOOTER",
			"stacks"     : false,
			"stackLimit" : 1,
			"consumable" : false,
			"mixable" : true,
			"mixes" : {
				"STICK" : "PASTE_SHOOTERV2"
			},
			"imageIndex" : 40,
			"desc" : "Great at shooting turtle paste, hence it's name.",
			"ability" : "PASTE_SHOT",
			"damage": 15,
			"bonus" : {
				"STR" : 3,
		        "DEF" : 0, 
	            "DEX" : 2, 
	            "STA" : 0, 
	            "SPD" : -1,
	            "AGL" : 0, 
	            "VUL" : 0, 
	            "LUK" : 0,
	            "maxHP" : 0,
	            "maxAP" : 0
			}
		},

		"PASTE_SHOOTERV2" : {
			"itemType" : "PASTE_SHOOTERV2",
			"stacks"     : false,
			"stackLimit" : 1,
			"consumable" : false,
			"imageIndex" : 42,
			"desc" : "The best paste shooting device out there.",
			"ability" : "PASTE_SHOT",
			"damage": 40,
			"bonus" : {
				"STR" : 5,
		        "DEF" : 0, 
	            "DEX" : 5, 
	            "STA" : 0, 
	            "SPD" : 0,
	            "AGL" : 0, 
	            "VUL" : 0, 
	            "LUK" : 0,
	            "maxHP" : 0,
	            "maxAP" : 0
			}
		},

		"BOMB" : {
			"itemType" : "BOMB",
			"stacks"     : true,
			"stackLimit" : 20,
			"consumable" : false,
			"imageIndex" : 234,
			"desc" : "A deadly trap!",
			"ability" : "BOMB_SETUP",
			"damage": 0,
			"bonus" : {
				"STR" : 0,
		        "DEF" : 0, 
	            "DEX" : 0, 
	            "STA" : 0, 
	            "SPD" : 0,
	            "AGL" : 0, 
	            "VUL" : 0, 
	            "LUK" : 0,
	            "maxHP" : 0,
	            "maxAP" : 0
			}
		},

		"BLUE_BERRIES" : {
			"itemType" : "BLUE_BERRIES",
			"stacks"     : true,
			"stackLimit" : 10,
			"consumable" : true,
			"consumableBonus" : {
				"HP" : 100,
				"AP" : 100
			},
			"mixable" : true,
			"mixes" : {
				"PURPLE_DYE" : "GRAPES"
			},
			"imageIndex" : 224,
			"desc" : "Some delicious Blue berries. They restore HP and AP.",
			"ability" : null,
			"damage": 0,
			"bonus" : {
				"STR" : 0,
		        "DEF" : 0, 
	            "DEX" : 0, 
	            "STA" : 0, 
	            "SPD" : 0,
	            "AGL" : 0, 
	            "VUL" : 0, 
	            "LUK" : 0,
	            "maxHP" : 0,
	            "maxAP" : 0
			}
		},

		"GRAPES" : {
			"itemType" : "GRAPES",
			"stacks"     : true,
			"stackLimit" : 10,
			"consumable" : true,
			"consumableBonus" : {
				"HP" : 300,
				"AP" : 300
			},
			"imageIndex" : 216,
			"desc" : "Some delicious grapes...",
			"ability" : null,
			"damage": 0,
			"bonus" : {
				"STR" : 0,
		        "DEF" : 0, 
	            "DEX" : 0, 
	            "STA" : 0, 
	            "SPD" : 0,
	            "AGL" : 0, 
	            "VUL" : 0, 
	            "LUK" : 0,
	            "maxHP" : 0,
	            "maxAP" : 0
			}
		},

		"SURPRISE" : {
			"itemType" : "SURPRISE",
			"stacks"     : true,
			"stackLimit" : 2,
			"imageIndex" : 200,
			"desc" : "I wonder what's inside?",
			"ability" : "SURPRISE",
			"damage": 0,
			"bonus" : {
				"STR" : 0,
		        "DEF" : 0, 
	            "DEX" : 0, 
	            "STA" : 0, 
	            "SPD" : 0,
	            "AGL" : 0, 
	            "VUL" : 0, 
	            "LUK" : 0,
	            "maxHP" : 0,
	            "maxAP" : 0
			}
		},

		"PURPLE_DYE" : {
			"itemType" : "PURPLE_DYE",
			"stacks"     : true,
			"stackLimit" : 10,
			"consumable" : false,
			"imageIndex" : 114,
			"desc" : "Purplicious!",
			"mixable" : true,
			"mixes" : {
				"BLUE_BERRIES" : "GRAPES"
			},
			"ability" : null,
			"damage": 0,
			"bonus" : {
				"STR" : 0,
		        "DEF" : 0, 
	            "DEX" : 0, 
	            "STA" : 0, 
	            "SPD" : 0,
	            "AGL" : 0, 
	            "VUL" : 0, 
	            "LUK" : 0,
	            "maxHP" : 0,
	            "maxAP" : 0
			}
		},

		"THUNDER_SCROLL" : {
			"itemType" : "THUNDER_SCROLL",
			"stacks"     : true,
			"stackLimit" : 20,
			"consumable" : false,
			"imageIndex" : 276,
			"desc" : "Use it wisely",
			"ability" : "THUNDER_SPELL",
			"damage": 0,
			"bonus" : {
				"STR" : 0,
		        "DEF" : 0, 
	            "DEX" : 0, 
	            "STA" : 0, 
	            "SPD" : 0,
	            "AGL" : 0, 
	            "VUL" : 0, 
	            "LUK" : 0,
	            "maxHP" : 0,
	            "maxAP" : 0
			}
		},
		"GRENADE_LAUNCHER" : {
			"itemType" : "GRENADE_LAUNCHER",
			"stacks"     : false,
			"stackLimit" : 1,
			"consumable" : false,
			"imageIndex" : 44,
			"desc" : "Launch grenades that explode",
			"ability" : "GRENADE",
			"damage": 0,
			"bonus" : {
				"STR" : 0,
		        "DEF" : 0, 
	            "DEX" : 0, 
	            "STA" : 0, 
	            "SPD" : 0,
	            "AGL" : 0, 
	            "VUL" : 0, 
	            "LUK" : 0,
	            "maxHP" : 0,
	            "maxAP" : 0
			}
		},
		"STRENGTH_POTION" : {
			"itemType" : "STRENGTH_POTION",
			"stacks"     : true,
			"stackLimit" : 10,
			"consumable" : true,
			"consumableBonus" : {
				"STR" : 1
			},
			"imageIndex" : 97,
			"desc" : "Permanently increases strength. Quite rare.",
			"ability" : null,
			"damage": 0,
			"bonus" : {
				"STR" : 0,
		        "DEF" : 0, 
	            "DEX" : 0, 
	            "STA" : 0, 
	            "SPD" : 0,
	            "AGL" : 0, 
	            "VUL" : 0, 
	            "LUK" : 0,
	            "maxHP" : 0,
	            "maxAP" : 0
			}
		},

		"TURTLE_ELIXIR" : {
			"itemType" : "TURTLE_ELIXIR",
			"stacks"     : true,
			"stackLimit" : 100,
			"consumable" : true,
			"consumableBonus" : {
				"STR" : 5,
				"DEX" : 5,
				"SPD" : 5
			},
			"imageIndex" : 112,
			"desc" : "Permanently increases STR, DEX and SPD",
			"ability" : null,
			"damage": 0,
			"bonus" : {
				"STR" : 0,
		        "DEF" : 0, 
	            "DEX" : 0, 
	            "STA" : 0, 
	            "SPD" : 0,
	            "AGL" : 0, 
	            "VUL" : 0, 
	            "LUK" : 0,
	            "maxHP" : 0,
	            "maxAP" : 0
			}
		}

	}
	
}