{ 
	"imagePath": "images/sprites/monsters.png",
	"tileSize" : 48,
	"tilesWide": 16,
	"monsters":{
		"SLIME" : {
			"stats" : {
				"maxHP" : 50,
				"STR" : 1,
		        "DEF" : 1, 
	            "DEX" : 0, 
	            "STA" : 0, 
	            "SPD" : 1,
	            "AGL" : 0, 
	            "VUL" : 0, 
	            "LUK" : 0
			},
			"radius":  20,
			"exp"   :  4,
			"touchDamage" : 1,
			"imageIndex" : 2,
			"drops" : {
				"SLIME_REMAINS" : 80,
				"STICK"         : 50,
				"BIG_STICK"     : 5
			},

			"behavior" : {
				"CALM"     : "WALK",
				"ATTACKED" : "FOLLOW",
				"DIEING"   : "RUN_AWAY"
			},

			"attack" : "NO_ATTACK",

			"imageindex" : "placeholder.png",
			"onNew" : {
				"image" : "placeholder.png",
				"sound" : "placeholder.sound"
			},
			"onOld" : {
				"image" : "placeholder.png",
				"sound" : "sounds/slimeDeath.sound"
			}
		},

		"BIG_SLIME" : {
			"stats" : {
				"maxHP" : 80,
				"STR" : 5,
		        "DEF" : 4, 
	            "DEX" : 0, 
	            "STA" : 0, 
	            "SPD" : 3,
	            "AGL" : 0, 
	            "VUL" : 0, 
	            "LUK" : 0
			},
			"radius": 25,
			"exp"   :  10,
			"touchDamage" : 2,
			"imageIndex" : 3,
			"drops" : {
				"SLIME_REMAINS" : 75
			},

			"behavior" : {
				"CALM"     : "WALK",
				"ATTACKED" : "ATTACK",
				"DIEING"   : "RUN_AWAY"
			},

			"attack" : "SLIME_BUBBLE",

			"imageindex" : "placeholder.png",
			"onNew" : {
				"image" : "placeholder.png",
				"sound" : "placeholder.sound"
			},
			"onOld" : {
				"image" : "placeholder.png",
				"sound" : "placeholder.sound"
			}
		}
	}
	
}